源目录,日期,经文,分类,讲员,发布标题,正文来源
20240630雅各书1：9-18诱惑_Patrick,2024-06-30,雅各书 1:9-18,教会讲道,Patrick,雅各书 1:9-18｜诱惑,20240630-Patrick(雅各书1：9-18诱惑).docx
20240707雅各书 2：1-13_Grayson,2024-07-07,雅各书 2:1-13,教会讲道,Grayson,雅各书 2:1-13｜经文讲解,20240707-Grayson(雅各书 2：1-13).docx
20240714雅各书 1：19-27_Patrick,2024-07-14,雅各书 1:19-27,教会讲道,Patrick,雅各书 1:19-27｜经文讲解,20240714-Payrick(雅各书 1：19-27).docx
20240721雅各书 2：14-26 行为之信_Patrick,2024-07-21,雅各书 2:14-26,教会讲道,Patrick,雅各书 2:14-26｜行为之信,20240721-Patrick(雅各书 2：14-26 行为之信).docx
20240728雅各书 3：1-12 话语_Patrick,2024-07-28,雅各书 3:1-12,教会讲道,Patrick,雅各书 3:1-12｜话语,20240728雅各书 3：1-12 话语P中文.docx
20240811雅各书 3：13-18 智慧_Patrick,2024-08-11,雅各书 3:13-18,教会讲道,Patrick,雅各书 3:13-18｜智慧,20240811雅各书 3：13-18 智慧P中文.docx
20240818雅各书4：1-10 内心的战争_Patrick,2024-08-18,雅各书 4:1-10,教会讲道,Patrick,雅各书 4:1-10｜内心的战争,20240818-Patrick中文雅各书4：1-10 内心的战争.docx
20240825雅各书 5：7-13 忍耐_Patrick,2024-08-25,雅各书 5:7-13,教会讲道,Patrick,雅各书 5:7-13｜忍耐,20240825-Patrick中文雅各书 5：7-13 忍耐.docx
20240901雅各书5：13-20 祷告_Patrick,2024-09-01,雅各书 5:13-20,教会讲道,Patrick,雅各书 5:13-20｜祷告,20240901-Patrick中文雅各书5：13-20 祷告.txt
20240908马太福音16：13-18 在耶稣里的身份_Patrick,2024-09-08,马太福音 16:13-18,教会讲道,Patrick,马太福音 16:13-18｜在耶稣里的身份,20240908_马太福音16：13-18 在耶稣里的身份_P.txt
20240915约翰福音 3：16 在耶稣里的价值_Patrick,2024-09-15,约翰福音 3:16,教会讲道,Patrick,约翰福音 3:16｜在耶稣里的价值,20240915_中文约翰福音 3：16 在耶稣里的价值_P.txt
20241013使徒行传 1：1-8 被圣灵感动_Patrick,2024-10-13,使徒行传 1:1-8,教会讲道,Patrick,使徒行传 1:1-8｜被圣灵感动,20241013使徒行传 1：1-8 被圣灵感动_P.txt
20241020使徒行传 2：1-13 圣灵的浇灌_Patrick,2024-10-20,使徒行传 2:1-13,教会讲道,Patrick,使徒行传 2:1-13｜圣灵的浇灌,20241020使徒行传 2：1-13 圣灵的浇灌_P.txt
20241027使徒行传 2：40-47 圣灵的团契_Patrick,2024-10-27,使徒行传 2:40-47,教会讲道,Patrick,使徒行传 2:40-47｜圣灵的团契,20241027使徒行传 2：40-47 圣灵的团契.txt
20241103使徒行传 3：1-26 被圣灵恢复_Patrick,2024-11-03,使徒行传 3:1-26,教会讲道,Patrick,使徒行传 3:1-26｜被圣灵恢复,20241103使徒行传 3：1-26 被圣灵恢复.txt
20241110使徒行传 4：1-31 圣灵中的勇敢_Patrick,2024-11-10,使徒行传 4:1-31,教会讲道,Patrick,使徒行传 4:1-31｜圣灵中的勇敢,20241110使徒行传 4：1-31 圣灵中的勇敢.txt
20241117中文使徒行传 4：32-37_Grayson,2024-11-17,使徒行传 4:32-37,教会讲道,Grayson,使徒行传 4:32-37｜经文讲解,20241117-Grayson中文使徒行传 4：32-37.txt
20241124提多书 1：4-9 长老职分_Patrick,2024-11-24,提多书 1:4-9,教会讲道,Patrick,提多书 1:4-9｜长老职分,20241124提多书 1：4-9 长老职分.txt
20241201约翰福音1：1-5  耶稣是道_Patrick,2024-12-01,约翰福音 1:1-5,教会讲道,Patrick,约翰福音 1:1-5｜耶稣是道,20241201约翰福音1：1-5  耶稣是道.docx
20241208约翰福音1：4-13 耶稣是光_Patrick,2024-12-08,约翰福音 1:4-13,教会讲道,Patrick,约翰福音 1:4-13｜耶稣是光,20241208约翰福音1：4-13 耶稣是光.txt
20241215约翰福音1：14-18 耶稣的荣耀_Patrick,2024-12-15,约翰福音 1:14-18,教会讲道,Patrick,约翰福音 1:14-18｜耶稣的荣耀,20241215约翰福音1：14-18 耶稣的荣耀.txt
20241222马太福音 1：18-25 耶稣——救主_Patrick,2024-12-22,马太福音 1:18-25,教会讲道,Patrick,马太福音 1:18-25｜耶稣--救主,20241222马太福音 1：18-25 耶稣——救主.txt
20250105使徒行传5：12-42借着圣灵传讲神的话_Patrick,2025-01-05,使徒行传 5:12-42,教会讲道,Patrick,使徒行传 5:12-42｜借着圣灵传讲神的话,20250105使徒行传5：12-42借着圣灵传讲神的话.txt
20250112使徒行传6：1-7  圣灵带来的合一_Patrick,2025-01-12,使徒行传 6:1-7,教会讲道,Patrick,使徒行传 6:1-7｜圣灵带来的合一,20250112使徒行传6：1-7  圣灵带来的合一.txt
20250119使徒行传6-7章：抗拒圣灵_Patrick,2025-01-19,使徒行传 6-7,教会讲道,Patrick,使徒行传 6-7｜抗拒圣灵,20250119使徒行传第6-7章：抗拒圣灵.txt
20250126Kaz的见证,2025-01-26,约书亚记 1:5,教会讲道,Kaz,约书亚记 1:5｜Kaz的见证,20250126Kaz的见证.txt
20250202使徒行传 8：25-40 圣灵引导的事工_Patrick,2025-02-02,使徒行传 8:25-40,教会讲道,Patrick,使徒行传 8:25-40｜圣灵引导的事工,20250202使徒行传 8：25-40 圣灵引导的事工.txt
20250209使徒行传 9：1-11;17-19 圣灵的改变_Patrick,2025-02-09,使徒行传 9:1-11;17-19,教会讲道,Patrick,使徒行传 9:1-11;17-19｜圣灵的改变,20250209使徒行传 9：1-11;17-19 圣灵的改变.txt
20250216使徒行传 10：25-44 圣灵的纳入_Patrick,2025-02-16,使徒行传 10:25-44,教会讲道,Patrick,使徒行传 10:25-44｜圣灵的纳入,20250216使徒行传 10：25-44 圣灵的纳入.txt
20250223提多书 2：11-15  转变生命的恩典_Patrick,2025-02-23,提多书 2:11-15,教会讲道,Patrick,提多书 2:11-15｜转变生命的恩典,20250223提多书 2：11-15  转变生命的恩典.txt
20250302使徒行传 11：19-30 圣灵的鼓励_Patrick,2025-03-02,使徒行传 11:19-30,教会讲道,Patrick,使徒行传 11:19-30｜圣灵的鼓励,20250302使徒行传 11：19-30 圣灵的鼓励.docx
20250309使徒行传 12：1-19 　凭圣灵祷告_Patrick,2025-03-09,使徒行传 12:1-19,教会讲道,Patrick,使徒行传 12:1-19｜凭圣灵祷告,20250309使徒行传 12：1-19 　凭圣灵祷告.txt
20250316使徒行传 13：1-29 圣灵引导的宣教_Patrick,2025-03-16,使徒行传 13:1-29,教会讲道,Patrick,使徒行传 13:1-29｜圣灵引导的宣教,20250316使徒行传 13：1-29 圣灵引导的宣教.txt
20250323使徒行传 14：8-23福音的坚韧_Patrick,2025-03-23,使徒行传 14:8-23,教会讲道,Patrick,使徒行传 14:8-23｜福音的坚韧,20250323使徒行传 14：8-23福音的坚韧.txt
20250330使徒行传 16：20-34 借着圣灵得自由_Patrick,2025-03-30,使徒行传 16:20-34,教会讲道,Patrick,使徒行传 16:20-34｜借着圣灵得自由,20250330使徒行传 16：20-34 借着圣灵得自由.txt
20250406使徒行传 15：1-12 如何处理冲突_Patrick,2025-04-06,使徒行传 15:1-12,教会讲道,Patrick,使徒行传 15:1-12｜如何处理冲突,20250406使徒行传 15：1-12 如何处理冲突.txt
20250413复活节系列：十字架上的三句话_Patrick,2025-04-13,哥林多前书 2:1-2,教会讲道,Patrick,哥林多前书 2:1-2｜复活节系列:十字架上的三句话,20250413复活节系列：十字架上的三句话.docx
20250420复活节系列：哥林多前书15：1-6复活的福音_Patrick,2025-04-20,哥林多前书 15:1-6,教会讲道,Patrick,哥林多前书 15:1-6｜复活节系列:复活的福音,20250420复活节系列：哥林多前书15：1-6复活的福音.txt
20250427使徒行传 17：1-12 专心于神的话语_Patrick,2025-04-27,使徒行传 17:1-12,教会讲道,Patrick,使徒行传 17:1-12｜专心于神的话语,20250427使徒行传 17：1-12 专心于神的话语.docx
20250504使徒行传 17：16-24 未知之神_Patrick,2025-05-04,使徒行传 17:16-24,教会讲道,Patrick,使徒行传 17:16-24｜未知之神,20250504使徒行传 17：16-24 未知之神.txt
20250511使徒行传18：1-11 保罗在哥林多_Patrick,2025-05-11,使徒行传 18:1-11,教会讲道,Patrick,使徒行传 18:1-11｜保罗在哥林多,20250511使徒行传18：1-11 保罗在哥林多.txt
20250518使徒行传 18：18-28亚波罗在以弗所_Patrick,2025-05-18,使徒行传 18:18-28,教会讲道,Patrick,使徒行传 18:18-28｜亚波罗在以弗所,20250518使徒行传 18：18-28亚波罗在以弗所.txt
20250525使徒行传19章——保罗在以弗所_Patrick,2025-05-25,使徒行传 19,教会讲道,Patrick,使徒行传 19｜保罗在以弗所,20250525使徒行传19章——保罗在以弗所.txt
20250601使徒行传20章：保罗与以弗所的长老们_Patrick,2025-06-01,使徒行传 20,教会讲道,Patrick,使徒行传 20｜保罗与以弗所的长老们,20250601使徒行传20章：保罗与以弗所的长老们.docx
20250608使徒行传22：1-22 保罗的见证_Patrick,2025-06-08,使徒行传 22:1-22,教会讲道,Patrick,使徒行传 22:1-22｜保罗的见证,20250608使徒行传22：1-22 保罗的见证.txt
20250615使徒行传18：28-31：善终之道_Patrick,2025-06-15,使徒行传 18:28-31,教会讲道,Patrick,使徒行传 18:28-31｜善终之道,20250615使徒行传18：28-31：善终之道.txt
20250622约拿1_Grayson,2025-06-22,约拿书 1,教会讲道,Grayson,约拿书 1｜经文讲解,20250622约拿1 中.txt
20250629约拿2_Grayson,2025-06-29,约拿书 2,教会讲道,Grayson,约拿书 2｜经文讲解,20250629约拿2.txt
20250706约拿3_Grayson,2025-07-06,约拿书 3,教会讲道,Grayson,约拿书 3｜经文讲解,20250706约拿3中文.txt
20250713福音1约翰福音 6：22–29引言：我们需要一次诊断_Ryan,2025-07-13,约翰福音 6:22-29,教会讲道,Ryan,约翰福音 6:22-29｜引言:我们需要一次诊断,20250713约翰福音 6：22–29引言：我们需要一次诊断.txt
20250720福音2约翰福音 6：30–35福音的渗透力_Ryan,2025-07-20,约翰福音 6:30-35,教会讲道,Ryan,约翰福音 6:30-35｜福音的渗透力,20250720约翰福音 6：30–35福音的渗透力.txt
20250727Kota见证,2025-07-27,耶利米哀歌 3:19-33,教会讲道,Kota,耶利米哀歌 3:19-33｜Kota见证,20250727Kota见证.txt
20250803福音3马可福音 10：17-22我心中的福音_Ryan,2025-08-03,马可福音 10:17-22,教会讲道,Ryan,马可福音 10:17-22｜我心中的福音,20250803马可福音 10：17-22我心中的福音.txt
20250810福音4使徒行传 2：42–47与我们同在的福音_Ryan,2025-08-10,使徒行传 2:42-47,教会讲道,Ryan,使徒行传 2:42-47｜与我们同在的福音,20250810使徒行传 2：42–47与我们同在的福音.txt
20250817诗篇 27：1 神是我们的堡垒_Patrick,2025-08-17,诗篇 27:1,教会讲道,Patrick,诗篇 27:1｜神是我们的堡垒,20250817诗篇 27：1 神是我们的堡垒.txt
20250824马可福音 4：1-20 撒种的比喻_Patrick,2025-08-24,马可福音 4:1-20,教会讲道,Patrick,马可福音 4:1-20｜撒种的比喻,文本.txt
20250831教会的身份证明约翰福音 13：31-35_Patrick父,2025-08-31,约翰福音 13:31-35,教会讲道,Patrick,约翰福音 13:31-35｜教会的身份证明,文本pd.txt
20250907马太福音 13：31-33 芥菜种面酵的比喻_Patrick,2025-09-07,马太福音 13:31-33,教会讲道,Patrick,马太福音 13:31-33｜芥菜种面酵的比喻,文本.txt
20250914马太福音 13：44-46 基督无限的价值_Patrick,2025-09-14,马太福音 13:44-46,教会讲道,Patrick,马太福音 13:44-46｜基督无限的价值,文本.txt
20250921路加福音 15：1-7 善牧_Patrick,2025-09-21,路加福音 15:1-7,教会讲道,Patrick,路加福音 15:1-7｜善牧,文本.txt
20250928路加福音 10：25-37 好撒玛利亚人_Patrick,2025-09-28,路加福音 10:25-37,教会讲道,Patrick,路加福音 10:25-37｜好撒玛利亚人,文本.txt
20251005马太福音 18：21-35 不饶恕人的仆人_Patrick,2025-10-05,马太福音 18:21-35,教会讲道,Patrick,马太福音 18:21-35｜不饶恕人的仆人,文本.txt
20251012路加福音 15：11-32 迷失的两个儿子_Patrick,2025-10-12,路加福音 15:11-32,教会讲道,Patrick,路加福音 15:11-32｜迷失的两个儿子,文本.txt
20251019马太福音 20：1-16葡萄园工人的比喻_Patrick,2025-10-19,马太福音 20:1-16,教会讲道,Patrick,马太福音 20:1-16｜葡萄园工人的比喻,文本.txt
20251026路加福音 18：1-8 坚持祈求的寡妇_Patrick,2025-10-26,路加福音 18:1-8,教会讲道,Patrick,路加福音 18:1-8｜坚持祈求的寡妇,文本.txt
20251102马太福音 21：33-45 恶农夫的比喻_Patrick,2025-11-02,马太福音 21:33-45,教会讲道,Patrick,马太福音 21:33-45｜恶农夫的比喻,文本.txt
20251109马太福音 25：14-30 才干的比喻_Patrick,2025-11-09,马太福音 25:14-30,教会讲道,Patrick,马太福音 25:14-30｜才干的比喻,文本.txt
20251116马太福音 6：19-24 管家职分-单一的主人_Patrick,2025-11-16,马太福音 6:19-24,教会讲道,Patrick,马太福音 6:19-24｜管家职分-单一的主人,20251116.txt
20251123哥林多后书 8：7-9 慷慨_Patrick,2025-11-23,哥林多后书 8:7-9,教会讲道,Patrick,哥林多后书 8:7-9｜慷慨,文本.txt
20251130提摩太前书 6：6-10  知足_Patrick,2025-11-30,提摩太前书 6:6-10,教会讲道,Patrick,提摩太前书 6:6-10｜知足,文本.txt
20251207路加福音 1：26-38 所应许的礼物_Patrick,2025-12-07,路加福音 1:26-38,教会讲道,Patrick,路加福音 1:26-38｜所应许的礼物,文本.txt
20251214路加福音 2：8–20 礼物的宣告_Patrick,2025-12-14,路加福音 2:8-20,教会讲道,Patrick,路加福音 2:8-20｜礼物的宣告,文本.txt
20251221以弗所书 5：1–2 最伟大的礼物_Patrick,2025-12-21,以弗所书 5:1-2,教会讲道,Patrick,以弗所书 5:1-2｜最伟大的礼物,文本.txt
20260104约翰福音 8：31–36 真正的自由_Patrick,2026-01-04,约翰福音 8:31-36,教会讲道,Patrick,约翰福音 8:31-36｜真正的自由,文本.txt
20260111罗马书 1：1–7 罗马书导论_Patrick,2026-01-11,罗马书 1:1-7,教会讲道,Patrick,罗马书 1:1-7｜罗马书导论,文本.txt
20260118罗马书 1：16–32_Patrick,2026-01-18,罗马书 1:16-32,教会讲道,Patrick,罗马书 1:16-32｜经文讲解,文本.txt
20260125罗马书第二章：自以为义的人被定罪_Patrick,2026-01-25,罗马书 2,教会讲道,Patrick,罗马书 2｜自以为义的人被定罪,文本.txt
20260201罗马书3：1–20_Patrick,2026-02-01,罗马书 3:1-20,教会讲道,Patrick,罗马书 3:1-20｜经文讲解,文本.txt
20260208罗马书 3：21–31 因信称义_Patrick,2026-02-08,罗马书 3:21-31,教会讲道,Patrick,罗马书 3:21-31｜因信称义,文本.txt
20260215罗马书第4章：像亚伯拉罕一样的信心_Patrick,2026-02-15,罗马书 4,教会讲道,Patrick,罗马书 4｜像亚伯拉罕一样的信心,文本.txt
20260222罗马书 5：1-11 在基督里得以和好_Patrick,2026-02-22,罗马书 5:1-11,教会讲道,Patrick,罗马书 5:1-11｜在基督里得以和好,文本.txt
20260301罗马书 5：12–21 恩典掌权_Patrick,2026-03-01,罗马书 5:12-21,教会讲道,Patrick,罗马书 5:12-21｜恩典掌权,文本.txt
20260308罗马书 6：1–14 向罪死，在基督里活_Patrick,2026-03-08,罗马书 6:1-14,教会讲道,Patrick,罗马书 6:1-14｜向罪死，在基督里活,文本.txt
20260315罗马书 6：15–23 在恩典之下_Patrick,2026-03-15,罗马书 6:15-23,教会讲道,Patrick,罗马书 6:15-23｜在恩典之下,文本.txt
20260322罗马书 7：14–20_Grayson,2026-03-22,罗马书 7:14-20,教会讲道,Grayson,罗马书 7:14-20｜经文讲解,文本.txt
20260329马太福音 27：15–26伟大的交换_Patrick,2026-03-29,马太福音 27:15-26,教会讲道,Patrick,马太福音 27:15-26｜伟大的交换,文本.txt
20260405约翰福音 11：25-26 耶稣是我们的盼望_Patrick,2026-04-05,约翰福音 11:25-26,教会讲道,Patrick,约翰福音 11:25-26｜耶稣是我们的盼望,文本.txt
20260412罗马书 8：1-4：12-17 被圣灵收养_Patrick,2026-04-12,罗马书 8:1-4;12-17,教会讲道,Patrick,罗马书 8:1-4;12-17｜被圣灵收养,文本.txt
20260419罗马书 8：18–28 在苦难中的盼望_Patrick,2026-04-19,罗马书 8:18-28,教会讲道,Patrick,罗马书 8:18-28｜在苦难中的盼望,文本.txt
20260426罗马书 8：31-39 那位不可忘记的神_Patrick,2026-04-26,罗马书 8:31-39,教会讲道,Patrick,罗马书 8:31-39｜那位不可忘记的神,文本.txt
20260503罗马书 9：14-24 陶匠与泥土_Patrick,2026-05-03,罗马书 9:14-24,教会讲道,Patrick,罗马书 9:14-24｜陶匠与泥土,文本.txt
20260510罗马书9：30-10：21_Akira,2026-05-10,罗马书 9:30-10:21,教会讲道,Akira,罗马书 9:30-10:21｜经文讲解,文本.txt
20260517罗马书 11 恩典拣选_Patrick,2026-05-17,罗马书 11,教会讲道,Patrick,罗马书 11｜恩典拣选,20260517罗马书 11 恩典拣选_Patrick.txt
20260524罗马书 12：1-8 活出福音_Patrick,2026-05-24,罗马书 12:1-8,教会讲道,Patrick,罗马书 12:1-8｜活出福音,20260524罗马书 12：1-8 活出福音_Patrick.txt
20260531罗马书 12：9-21 真诚的爱_Patrick,2026-05-31,罗马书 12:9-21,教会讲道,Patrick,罗马书 12:9-21｜真诚的爱,20260531罗马书 12：9-21 真诚的爱_Patrick.txt
20260607罗马书 13：1-14 社会中的福音_Patrick,2026-06-07,罗马书 13:1-14,教会讲道,Patrick,罗马书 13:1-14｜社会中的福音,20260607罗马书 13：1-14 社会中的福音_Patrick.txt
20260614罗马书 14：1-23 你属于哪个国度？_Akira,2026-06-14,罗马书 14:1-23,教会讲道,Akira,罗马书 14:1-23｜你属于哪个国度？,20260614罗马书 14：1-23 你属于哪个国度？_Akira.txt
20260621罗马书15章1-13节福音带来的和谐_Patrick,2026-06-21,罗马书 15:1-13,教会讲道,Patrick,罗马书 15:1-13｜福音带来的和谐,罗马书15章1-13节福音带来的和谐_中文.txt
20260628罗马书15：14-33福音的提醒_Patrick,2026-06-28,罗马书 15:14-33,教会讲道,Patrick,罗马书 15:14-33｜福音的提醒,Romans 15_14-33 The Gospel Reminder 中文翻译.txt
20260706_马可福音10:17-31_耶稣与财主_Patrick,2026-07-06,马可福音 10:17-31,教会讲道,Patrick,马可福音 10:17-31｜耶稣与财主,20260706_马可福音10:17-31_耶稣与财主_Patrick_中文.txt
20260706_马可福音7:24-30_耶稣与外邦妇人_Patrick,2026-07-06,马可福音 7:24-30,教会讲道,Patrick,马可福音 7:24-30｜耶稣与外邦妇人,20260706_马可福音7:24-30_耶稣与外邦妇人_Patrick_中文.txt
20260706_马可福音8:27-38_彼得的认信_Patrick,2026-07-06,马可福音 8:27-38,教会讲道,Patrick,马可福音 8:27-38｜彼得的认信,20260706_马可福音8:27-38_彼得的认信_Patrick_中文.txt
20260706_马可福音9:1-8_耶稣登山变像_Patrick,2026-07-06,马可福音 9:1-8,教会讲道,Patrick,马可福音 9:1-8｜耶稣登山变像,20260706_马可福音9:1-8_耶稣登山变像_Patrick_中文.txt
20260707_马可福音10:35-45_耶稣与真正的伟大_Patrick,2026-07-07,马可福音 10:35-45,教会讲道,Patrick,马可福音 10:35-45｜耶稣与真正的伟大,20260707_马可福音10:35-45_耶稣与真正的伟大_Patrick_中文.txt
20260707_马可福音11:1-11_耶稣进入耶路撒冷_Patrick,2026-07-07,马可福音 11:1-11,教会讲道,Patrick,马可福音 11:1-11｜耶稣进入耶路撒冷,20260707_马可福音11:1-11_耶稣进入耶路撒冷_Patrick_中文.txt
20260707_马可福音12:28-34_最大的诫命_Patrick,2026-07-07,马可福音 12:28-34,教会讲道,Patrick,马可福音 12:28-34｜最大的诫命,20260707_马可福音12:28-34_最大的诫命_Patrick_中文.txt
20260707_马可福音13:1-13_耶稣与未来_Patrick,2026-07-07,马可福音 13:1-13,教会讲道,Patrick,马可福音 13:1-13｜耶稣与未来,20260707_马可福音13:1-13_耶稣与未来_Patrick_中文.txt
20260708_加拉太书1:1-5_恩典的福音_Patrick,2026-07-08,加拉太书 1:1-5,教会讲道,Patrick,加拉太书 1:1-5｜恩典的福音,20260708_加拉太书1:1-5_恩典的福音_Patrick_中文.txt
20260708_加拉太书1:11-24_被恩典改变_Patrick,2026-07-08,加拉太书 1:11-24,教会讲道,Patrick,加拉太书 1:11-24｜被恩典改变,20260708_加拉太书1:11-24_被恩典改变_Patrick_中文.txt
20260708_加拉太书1:6-10_没有别的福音_Patrick,2026-07-08,加拉太书 1:6-10,教会讲道,Patrick,加拉太书 1:6-10｜没有别的福音,20260708_加拉太书1:6-10_没有别的福音_Patrick_中文.txt
20260708_加拉太书2:11-21_与福音一致而行_Patrick,2026-07-08,加拉太书 2:11-21,教会讲道,Patrick,加拉太书 2:11-21｜与福音一致而行,20260708_加拉太书2:11-21_与福音一致而行_Patrick_中文.txt
20260708_加拉太书3:1-6_福音就是道路_Patrick,2026-07-08,加拉太书 3:1-6,教会讲道,Patrick,加拉太书 3:1-6｜福音就是道路,20260708_加拉太书3:1-6_福音就是道路_Patrick_中文.txt
20260708_加拉太书3:10-14_祝福与咒诅_Patrick,2026-07-08,加拉太书 3:10-14,教会讲道,Patrick,加拉太书 3:10-14｜祝福与咒诅,20260708_加拉太书3:10-14_祝福与咒诅_Patrick_中文.txt
20260708_加拉太书3:11_亚伯拉罕与信心_Patrick,2026-07-08,加拉太书 3:11,教会讲道,Patrick,加拉太书 3:11｜亚伯拉罕与信心,20260708_加拉太书3:11_亚伯拉罕与信心_Patrick_中文.txt
20260708_加拉太书4:1-7_完全的产业_Jeff,2026-07-08,加拉太书 4:1-7,教会讲道,Jeff,加拉太书 4:1-7｜完全的产业,20260708_加拉太书4:1-7_完全的产业_Jeff_中文.txt
20260708_加拉太书5:1-6_福音的自由_Patrick,2026-07-08,加拉太书 5:1-6,教会讲道,Patrick,加拉太书 5:1-6｜福音的自由,20260708_加拉太书5:1-6_福音的自由_Patrick_中文.txt
20260708_加拉太书5:16-26_靠圣灵而行_Patrick,2026-07-08,加拉太书 5:16-26,教会讲道,Patrick,加拉太书 5:16-26｜靠圣灵而行,20260708_加拉太书5:16-26_靠圣灵而行_Patrick_中文.txt
20260708_加拉太书6:7-9_撒种给圣灵_Patrick,2026-07-08,加拉太书 6:7-9,教会讲道,Patrick,加拉太书 6:7-9｜撒种给圣灵,20260708_加拉太书6:7-9_撒种给圣灵_Patrick_中文.txt
20260708_诗篇103:1-22_在遗忘中遇见神_Patrick,2026-07-08,诗篇 103:1-22,教会讲道,Patrick,诗篇 103:1-22｜在遗忘中遇见神,20260708_诗篇103:1-22_在遗忘中遇见神_Patrick_中文.txt
20260708_诗篇119:9-16_在神的话语中遇见神_Patrick,2026-07-08,诗篇 119:9-16,教会讲道,Patrick,诗篇 119:9-16｜在神的话语中遇见神,20260708_诗篇119:9-16_在神的话语中遇见神_Patrick_中文.txt
20260708_诗篇138:1-8_感恩_Patrick,2026-07-08,诗篇 138:1-8,教会讲道,Patrick,诗篇 138:1-8｜感恩,20260708_诗篇138:1-8_感恩_Patrick_中文.txt
20260708_诗篇139:1-24_在孤独中遇见神_Patrick,2026-07-08,诗篇 139:1-24,教会讲道,Patrick,诗篇 139:1-24｜在孤独中遇见神,20260708_诗篇139:1-24_在孤独中遇见神_Patrick_中文.txt
20260708_诗篇150:1-6_在赞美中遇见神_Patrick,2026-07-08,诗篇 150:1-6,教会讲道,Patrick,诗篇 150:1-6｜在赞美中遇见神,20260708_诗篇150:1-6_在赞美中遇见神_Patrick_中文.txt
20260708_诗篇1:1-6_生命之道_Patrick,2026-07-08,诗篇 1:1-6,教会讲道,Patrick,诗篇 1:1-6｜生命之道,20260708_诗篇1:1-6_生命之道_Patrick_中文.txt
20260708_诗篇23:1-6_耶和华是我的牧者_Patrick,2026-07-08,诗篇 23:1-6,教会讲道,Patrick,诗篇 23:1-6｜耶和华是我的牧者,20260708_诗篇23:1-6_耶和华是我的牧者_Patrick_中文.txt
20260708_诗篇27:1-14_在神里面的安全感_Patrick,2026-07-08,诗篇 27:1-14,教会讲道,Patrick,诗篇 27:1-14｜在神里面的安全感,20260708_诗篇27:1-14_在神里面的安全感_Patrick_中文.txt
20260708_诗篇32:1-11_赦免的喜乐_Patrick,2026-07-08,诗篇 32:1-11,教会讲道,Patrick,诗篇 32:1-11｜赦免的喜乐,20260708_诗篇32:1-11_赦免的喜乐_Patrick_中文.txt
20260708_诗篇37:1-11_在嫉妒中遇见神_Patrick,2026-07-08,诗篇 37:1-11,教会讲道,Patrick,诗篇 37:1-11｜在嫉妒中遇见神,20260708_诗篇37:1-11_在嫉妒中遇见神_Patrick_中文.txt
20260708_诗篇51:1-19_在悔改中遇见神_Patrick,2026-07-08,诗篇 51:1-19,教会讲道,Patrick,诗篇 51:1-19｜在悔改中遇见神,20260708_诗篇51:1-19_在悔改中遇见神_Patrick_中文.txt
20260708_诗篇7:1-17_怒气_Patrick,2026-07-08,诗篇 7:1-17,教会讲道,Patrick,诗篇 7:1-17｜怒气,20260708_诗篇7:1-17_怒气_Patrick_中文.txt
20260708_诗篇88:1-18_在绝望中遇见神_Patrick,2026-07-08,诗篇 88:1-18,教会讲道,Patrick,诗篇 88:1-18｜在绝望中遇见神,20260708_诗篇88:1-18_在绝望中遇见神_Patrick_中文.txt
20260708_路加福音15:11-32_两个浪子_Patrick,2026-07-08,路加福音 15:11-32,教会讲道,Patrick,路加福音 15:11-32｜两个浪子,20260708_路加福音15:11-32_两个浪子_Patrick_中文.txt
20260708_马可福音14:1-9_耶稣在伯大尼受膏_Patrick,2026-07-08,马可福音 14:1-9,教会讲道,Patrick,马可福音 14:1-9｜耶稣在伯大尼受膏,20260708_马可福音14:1-9_耶稣在伯大尼受膏_Patrick_中文.txt
20260708_马可福音14:53-65_耶稣在公会前_Patrick,2026-07-08,马可福音 14:53-65,教会讲道,Patrick,马可福音 14:53-65｜耶稣在公会前,20260708_马可福音14:53-65_耶稣在公会前_Patrick_中文.txt
20260708_马可福音15:1-15_耶稣与巴拉巴_Patrick,2026-07-08,马可福音 15:1-15,教会讲道,Patrick,马可福音 15:1-15｜耶稣与巴拉巴,20260708_马可福音15:1-15_耶稣与巴拉巴_Patrick_中文.txt
20260708_马可福音15:33-39_十字架上的呼喊_Patrick,2026-07-08,马可福音 15:33-39,教会讲道,Patrick,马可福音 15:33-39｜十字架上的呼喊,20260708_马可福音15:33-39_十字架上的呼喊_Patrick_中文.txt
20260708_马可福音16:1-15_复活_Patrick,2026-07-08,马可福音 16:1-15,教会讲道,Patrick,马可福音 16:1-15｜复活,20260708_马可福音16:1-15_复活_Patrick_中文.txt
20260709_马太福音1:1_教师君王系列导论_Patrick,2026-07-09,马太福音 1:1,教会讲道,Patrick,马太福音 1:1｜教师君王系列导论,20260709_马太福音1:1_教师君王系列导论_Patrick_中文.txt
20260709_马太福音5:1-3_灵里贫穷的人有福了_Patrick,2026-07-09,马太福音 5:1-3,教会讲道,Patrick,马太福音 5:1-3｜灵里贫穷的人有福了,20260709_马太福音5:1-3_灵里贫穷的人有福了_Patrick_中文.txt
20260709_马太福音5:10-12_为义受逼迫的人有福了_Patrick,2026-07-09,马太福音 5:10-12,教会讲道,Patrick,马太福音 5:10-12｜为义受逼迫的人有福了,20260709_马太福音5:10-12_为义受逼迫的人有福了_Patrick_中文.txt
20260709_马太福音5:13-16_盐和光_Patrick,2026-07-09,马太福音 5:13-16,教会讲道,Patrick,马太福音 5:13-16｜盐和光,20260709_马太福音5:13-16_盐和光_Patrick_中文.txt
20260709_马太福音5:17-20_耶稣成全律法_Patrick,2026-07-09,马太福音 5:17-20,教会讲道,Patrick,马太福音 5:17-20｜耶稣成全律法,20260709_马太福音5:17-20_耶稣成全律法_Patrick_中文.txt
20260709_马太福音5:21-26_怒气与和好_Patrick,2026-07-09,马太福音 5:21-26,教会讲道,Patrick,马太福音 5:21-26｜怒气与和好,20260709_马太福音5:21-26_怒气与和好_Patrick_中文.txt
20260709_马太福音5:27-30_情欲_Patrick,2026-07-09,马太福音 5:27-30,教会讲道,Patrick,马太福音 5:27-30｜情欲,20260709_马太福音5:27-30_情欲_Patrick_中文.txt
20260709_马太福音5:3-6_八福中的哀恸温柔与饥渴慕义_Patrick,2026-07-09,马太福音 5:3-6,教会讲道,Patrick,马太福音 5:3-6｜八福中的哀恸温柔与饥渴慕义,20260709_马太福音5:3-6_八福中的哀恸温柔与饥渴慕义_Patrick_中文.txt
20260709_马太福音5:31-37_持守承诺_Patrick,2026-07-09,马太福音 5:31-37,教会讲道,Patrick,马太福音 5:31-37｜持守承诺,20260709_马太福音5:31-37_持守承诺_Patrick_中文.txt
20260709_马太福音5:38-42_不报复_Patrick,2026-07-09,马太福音 5:38-42,教会讲道,Patrick,马太福音 5:38-42｜不报复,20260709_马太福音5:38-42_不报复_Patrick_中文.txt
20260709_马太福音5:43-48_爱你的仇敌_Patrick,2026-07-09,马太福音 5:43-48,教会讲道,Patrick,马太福音 5:43-48｜爱你的仇敌,20260709_马太福音5:43-48_爱你的仇敌_Patrick_中文.txt
20260709_马太福音5:7-9_八福中的怜恤清心与使人和睦_Patrick,2026-07-09,马太福音 5:7-9,教会讲道,Patrick,马太福音 5:7-9｜八福中的怜恤清心与使人和睦,20260709_马太福音5:7-9_八福中的怜恤清心与使人和睦_Patrick_中文.txt
20260709_路加福音2:1-7_不受欢迎的君王_Patrick,2026-07-10,路加福音 2:1-7,教会讲道,Patrick,路加福音 2:1-7｜不受欢迎的君王,20260709_路加福音2:1-7_不受欢迎的君王_Patrick_中文.txt
20260709_路加福音2:8-20_君王的宣告_Patrick,2026-07-10,路加福音 2:8-20,教会讲道,Patrick,路加福音 2:8-20｜君王的宣告,20260709_路加福音2:8-20_君王的宣告_Patrick_中文.txt
20260709_马太福音1:18-25_神与我们同在_Patrick,2026-07-10,马太福音 1:18-25,教会讲道,Patrick,马太福音 1:18-25｜神与我们同在,20260709_马太福音1:18-25_神与我们同在_Patrick_中文.txt
20260709_马太福音2:1-12_敬拜真正的君王_Patrick,2026-07-10,马太福音 2:1-12,教会讲道,Patrick,马太福音 2:1-12｜敬拜真正的君王,20260709_马太福音2:1-12_敬拜真正的君王_Patrick_中文.txt
20260709_马太福音6:1-4_施舍_Patrick,2026-07-10,马太福音 6:1-4,教会讲道,Patrick,马太福音 6:1-4｜施舍,20260709_马太福音6:1-4_施舍_Patrick_中文.txt
20260709_马太福音6:14-18_禁食_Patrick,2026-07-10,马太福音 6:14-18,教会讲道,Patrick,马太福音 6:14-18｜禁食,20260709_马太福音6:14-18_禁食_Patrick_中文.txt
20260709_马太福音6:19-24_财宝_Patrick,2026-07-10,马太福音 6:19-24,教会讲道,Patrick,马太福音 6:19-24｜财宝,20260709_马太福音6:19-24_财宝_Patrick_中文.txt
20260709_马太福音6:5-13_祷告_Patrick,2026-07-10,马太福音 6:5-13,教会讲道,Patrick,马太福音 6:5-13｜祷告,20260709_马太福音6:5-13_祷告_Patrick_中文.txt
20260709_马太福音7:1-6_论断人_Patrick,2026-07-10,马太福音 7:1-6,教会讲道,Patrick,马太福音 7:1-6｜论断人,20260709_马太福音7:1-6_论断人_Patrick_中文.txt
20260709_马太福音7:12-14_金律与窄门_Patrick,2026-07-10,马太福音 7:12-14,教会讲道,Patrick,马太福音 7:12-14｜金律与窄门,20260709_马太福音7:12-14_金律与窄门_Patrick_中文.txt
20260709_马太福音7:15-23_真正的门徒_Patrick,2026-07-10,马太福音 7:15-23,教会讲道,Patrick,马太福音 7:15-23｜真正的门徒,20260709_马太福音7:15-23_真正的门徒_Patrick_中文.txt
20260709_马太福音7:24-29_聪明人与愚拙人的根基_Patrick,2026-07-10,马太福音 7:24-29,教会讲道,Patrick,马太福音 7:24-29｜聪明人与愚拙人的根基,20260709_马太福音7:24-29_聪明人与愚拙人的根基_Patrick_中文.txt
20260710_以弗所书6:1-4_儿女与父母_Patrick,2026-07-10,以弗所书 6:1-4,教会讲道,Patrick,以弗所书 6:1-4｜儿女与父母,20260710_以弗所书6:1-4_儿女与父母_Patrick_中文.txt
20260710_加拉太书4:4-7_福音中的收纳_Patrick,2026-07-10,加拉太书 4:4-7,教会讲道,Patrick,加拉太书 4:4-7｜福音中的收纳,20260710_加拉太书4:4-7_福音中的收纳_Patrick_中文.txt
20260710_哥林多后书5:17-21_神的使命_Patrick,2026-07-10,哥林多后书 5:17-21,教会讲道,Patrick,哥林多后书 5:17-21｜神的使命,20260710_哥林多后书5:17-21_神的使命_Patrick_中文.txt
20260710_哥林多后书8:7-9_奉献的恩典_Patrick,2026-07-10,哥林多后书 8:7-9,教会讲道,Patrick,哥林多后书 8:7-9｜奉献的恩典,20260710_哥林多后书8:7-9_奉献的恩典_Patrick_中文.txt
20260710_箴言13:20_友谊_Patrick,2026-07-10,箴言 13:20,教会讲道,Patrick,箴言 13:20｜友谊,20260710_箴言13:20_友谊_Patrick_中文.txt
20260710_箴言3:5-6_信靠神的计划_Patrick,2026-07-10,箴言 3:5-6,教会讲道,Patrick,箴言 3:5-6｜信靠神的计划,20260710_箴言3:5-6_信靠神的计划_Patrick_中文.txt
20260710_约翰福音19:30-42_从十字架下来_Patrick,2026-07-10,约翰福音 19:30-42,教会讲道,Patrick,约翰福音 19:30-42｜从十字架下来,20260710_约翰福音19:30-42_从十字架下来_Patrick_中文.txt
20260710_约翰福音20:11-18_复活的盼望_Patrick,2026-07-10,约翰福音 20:11-18,教会讲道,Patrick,约翰福音 20:11-18｜复活的盼望,20260710_约翰福音20:11-18_复活的盼望_Patrick_中文.txt
20260710_约翰福音20:24-31_相信复活_Patrick,2026-07-10,约翰福音 20:24-31,教会讲道,Patrick,约翰福音 20:24-31｜相信复活,20260710_约翰福音20:24-31_相信复活_Patrick_中文.txt
20260710_约翰福音21:1-19_奔向耶稣_Patrick,2026-07-10,约翰福音 21:1-19,教会讲道,Patrick,约翰福音 21:1-19｜奔向耶稣,20260710_约翰福音21:1-19_奔向耶稣_Patrick_中文.txt
20260710_诗篇27:8_寻求神的面_Patrick,2026-07-10,诗篇 27:8,教会讲道,Patrick,诗篇 27:8｜寻求神的面,20260710_诗篇27:8_寻求神的面_Patrick_中文.txt
20260710_路加福音22:14-20_记念耶稣_Patrick,2026-07-10,路加福音 22:14-20,教会讲道,Patrick,路加福音 22:14-20｜记念耶稣,20260710_路加福音22:14-20_记念耶稣_Patrick_中文.txt
20260710_路加福音23:32-38_父啊赦免他们_Patrick,2026-07-10,路加福音 23:32-38,教会讲道,Patrick,路加福音 23:32-38｜父啊赦免他们,20260710_路加福音23:32-38_父啊赦免他们_Patrick_中文.txt
20260710_路加福音23:39-43_在十字架上_Patrick,2026-07-10,路加福音 23:39-43,教会讲道,Patrick,路加福音 23:39-43｜在十字架上,20260710_路加福音23:39-43_在十字架上_Patrick_中文.txt
20260710_路加福音24:13-35_以马忤斯路上_Patrick,2026-07-10,路加福音 24:13-35,教会讲道,Patrick,路加福音 24:13-35｜以马忤斯路上,20260710_路加福音24:13-35_以马忤斯路上_Patrick_中文.txt
20260710_路加福音24:49-53_耶稣升天_Patrick,2026-07-10,路加福音 24:49-53,教会讲道,Patrick,路加福音 24:49-53｜耶稣升天,20260710_路加福音24:49-53_耶稣升天_Patrick_中文.txt
20260710_路加福音2:10-13_天使的好消息_Patrick,2026-07-10,路加福音 2:10-13,教会讲道,Patrick,路加福音 2:10-13｜天使的好消息,20260710_路加福音2:10-13_天使的好消息_Patrick_中文.txt
20260710_马可福音15:21-26_走向十字架_Patrick,2026-07-10,马可福音 15:21-26,教会讲道,Patrick,马可福音 15:21-26｜走向十字架,20260710_马可福音15:21-26_走向十字架_Patrick_中文.txt
20260710_马太福音1:18-25_以马内利_Patrick,2026-07-10,马太福音 1:18-25,教会讲道,Patrick,马太福音 1:18-25｜以马内利,20260710_马太福音1:18-25_以马内利_Patrick_中文.txt
20260710_马太福音28:1-10_复活_Patrick,2026-07-10,马太福音 28:1-10,教会讲道,Patrick,马太福音 28:1-10｜复活,20260710_马太福音28:1-10_复活_Patrick_中文.txt
20260710_马太福音2:1-12_博士来拜_Patrick,2026-07-10,马太福音 2:1-12,教会讲道,Patrick,马太福音 2:1-12｜博士来拜,20260710_马太福音2:1-12_博士来拜_Patrick_中文.txt
20260710_马太福音2:13-15_从埃及召出我的儿子_Patrick,2026-07-10,马太福音 2:13-15,教会讲道,Patrick,马太福音 2:13-15｜从埃及召出我的儿子,20260710_马太福音2:13-15_从埃及召出我的儿子_Patrick_中文.txt
